Workbook
Name PUNTAJE_NEUTRO: '3_Reglas_Decision'!$B$5
Name UMBRAL_EMPATE: '3_Reglas_Decision'!$B$4

Sheet Instrucciones
A1: Matriz de decisión multicriterio: agilidad a escala
A2: PF-3872 Metodologías Ágiles · Trabajo final, Parte 1 · Alternativas: Nexus, LeSS, SAFe y Disciplined Agile (DA)
A4: Propósito | B4: Recomendar uno de cuatro enfoques de agilidad a escala para una organización nueva, con un cálculo reproducible: Puntaje(marco) = Σ peso(criterio) × compatibilidad(marco, criterio). El máximo posible es 5,00.
A5: Componentes | B5: 1_Criterios_Pesos: criterios, pesos y justificación · 2_Escalas_Reglas: escala 0-5 y reglas que activan cada puntaje · 3_Reglas_Decision: exclusiones, empates, datos faltantes y parámetros · Aux_Sensibilidad: tabla auxiliar para el análisis de datos faltantes · Plantilla: hoja en blanco para evaluar cualquier caso. El libro no trae casos precargados: cada evaluación se hace sobre una copia de la Plantilla.
A6: Cómo evaluar un caso nuevo | B6: 1) Copiar la hoja «Plantilla» (clic derecho › Mover o copiar › Crear una copia). 2) Escribir el nombre y la descripción del caso. 3) Para cada criterio, anotar la evidencia textual del caso en «Evidencia», elegir el valor en la lista desplegable de «Valor capturado» (en C1 escribir el número de equipos) y el «Estado del dato» (Explícito, Inferido o Faltante). 4) Si el valor es inferido, escribir el supuesto. 5) Si existe una restricción organizacional que descarte un marco, marcar «Exclusión manual = Sí» y escribir el motivo. 6) Leer la recomendación, el empate técnico y la robustez en el bloque de resultados.
A7: Colores | B7: Amarillo: celdas de captura (las únicas que se editan). Gris: celdas calculadas con fórmulas (no editar). Verde: resultado final.
A8: Auditoría del agente de IA | B8: El agente devuelve una «ficha de captura» con el valor y el estado de cada criterio. Esos valores se copian en una copia de la Plantilla y los puntajes calculados por la hoja deben coincidir con los del agente (tolerancia 0,01). Cualquier diferencia indica un error del agente.
A9: Regla de integridad | B9: Las fórmulas no contienen respuestas fijas para ningún caso: el resultado depende solo de los valores capturados y de las tablas de reglas. Al cambiar un valor capturado cambia el resultado.

Sheet 1_Criterios_Pesos
A1: 1. Criterios y pesos
A2: Los pesos se asignaron repartiendo 100 puntos según el poder de cada criterio para diferenciar los cuatro marcos (criterios estructurales > preferencias), y se validaron con el análisis de sensibilidad de las pruebas 4A y 4B.
A4: ID | B4: Criterio | C4: Qué evalúa | D4: Peso | E4: Excluyente | F4: Por qué se seleccionó | G4: Justificación del peso
A5: C1 | B5: Escala (número de equipos) | C5: Cantidad de equipos que deben coordinarse en la iniciativa. | D5: 0.15 | E5: Sí | F5: Cada marco fue diseñado para un rango de tamaño: Nexus 3-9 equipos, LeSS 2-8 (LeSS Huge para más), SAFe desde un Agile Release Train (5-12 equipos) hasta varios trenes, y DA es independiente del tamaño. | G5: Es un dato objetivo y casi siempre disponible, pero por sí solo no decide: dos organizaciones del mismo tamaño pueden necesitar marcos distintos. Por eso pesa igual que los demás criterios estructurales (15 %) y no más.
A6: C2 | B6: Estructura de producto o solución | C6: Si los equipos construyen un único producto, varias soluciones conectadas o productos/proyectos independientes. | D6: 0.2 | E6: Sí | F6: Es la restricción de diseño más fuerte de Nexus y LeSS (un solo Product Backlog e incremento integrado) y el elemento que distingue a SAFe (cadenas de valor y soluciones) y a DA (contextos distintos). | G6: Es el criterio con mayor poder de discriminación entre los cuatro marcos: separa de inmediato a los marcos de un solo producto de los de múltiples soluciones. Recibe el mayor peso (20 %).
A7: C3 | B7: Dependencias entre equipos y áreas | C7: Grado de dependencia técnica y organizacional entre equipos y con áreas transversales (arquitectura, datos, seguridad, operaciones, proveedores). | D7: 0.15 | E7: No | F7: La gestión de dependencias es la razón principal para escalar. Nexus y LeSS las gestionan dentro de un producto; SAFe agrega planificación sincronizada (PI Planning) entre soluciones y áreas; DA las trata según el contexto. | G7: Determina cuánta coordinación formal se necesita. Es estructural, por eso 15 %.
A8: C4 | B8: Gobernanza y cumplimiento | C8: Exigencias de regulación, auditoría, trazabilidad o control contractual. | D8: 0.1 | E8: No | F8: SAFe y DA incluyen guía explícita de gobernanza y cumplimiento; Nexus y LeSS la dejan a la organización. | G8: Pesa 10 % porque los cuatro marcos pueden convivir con controles adicionales y porque parte de la gobernanza ya está reflejada en el alineamiento estratégico (C5); evita contar dos veces el mismo efecto.
A9: C5 | B9: Alineamiento estratégico y portafolio | C9: Necesidad de vincular iniciativas con estrategia, inversiones, presupuesto y visibilidad de portafolio. | D9: 0.15 | E9: No | F9: Solo SAFe trae un nivel de portafolio completo (Lean Portfolio Management); DA tiene guía de portafolio; Nexus y LeSS no cubren este nivel. | G9: Es la necesidad que más diferencia una adopción empresarial de una de producto. 15 %.
A10: C6 | B10: Autonomía y adaptación del proceso | C10: Si la organización acepta un proceso común o requiere que cada equipo elija/adapte su forma de trabajo. | D10: 0.1 | E10: No | F10: Nexus y LeSS exigen Scrum en todos los equipos; SAFe estandariza cadencias y roles; DA se basa en que cada equipo elija su forma de trabajo (Way of Working). | G10: Pesa 10 % porque es una preferencia cultural más que una condición estructural y está parcialmente correlacionada con la heterogeneidad (C7).
A11: C7 | B11: Heterogeneidad del trabajo y ciclos de vida | C11: Si conviven tipos de trabajo distintos: desarrollo iterativo, mantenimiento/flujo continuo, híbrido o predictivo. | D11: 0.15 | E11: Sí | F11: Nexus y LeSS suponen trabajo homogéneo con Scrum; SAFe admite equipos Scrum y Kanban dentro de un tren; DA ofrece varios ciclos de vida (ágil, lean, continuo, exploratorio, por programa). | G11: Es estructural: si el trabajo no es homogéneo, un marco basado solo en Scrum deja de ser aplicable. 15 %.
C12: Total (debe ser 100 %) | D12: =SUM(D5:D11) -> 1 | E12: =IF(ROUND(D12,4)=1,"OK","ERROR: los pesos no suman 100 %") -> OK

Sheet 2_Escalas_Reglas
A1: 2. Escala de compatibilidad y reglas de puntuación
A3: Escala de compatibilidad (0 a 5)
A4: Puntaje | B4: Significado | C4: Regla de asignación
A5: 0 | B5: Incompatible | C5: El marco contradice una condición del caso. En criterios excluyentes descarta el marco.
A6: 1 | B6: Muy baja | C6: El marco requiere cambios organizacionales profundos o extensiones fuera de su diseño para cubrir la condición.
A7: 2 | B7: Baja | C7: El marco cubre la condición de forma parcial; se necesitan prácticas complementarias importantes.
A8: 3 | B8: Media | C8: El marco puede adaptarse a la condición con ajustes moderados.
A9: 4 | B9: Alta | C9: El marco cubre la condición con sus propias prácticas con ajustes menores.
A10: 5 | B10: Muy alta | C10: La condición coincide con el escenario para el que el marco fue diseñado.
A11: Dato faltante: se asigna 2,5 a los cuatro marcos (valor neutro: no favorece a ninguno) y se activa el análisis de sensibilidad.
A13: Reglas: qué información del caso activa cada nivel y qué puntaje recibe cada marco
A14: Clave | B14: Criterio | C14: Nivel | D14: Información del caso que activa el nivel (disparador) | E14: Nexus | F14: LeSS | G14: SAFe | H14: DA | I14: Fundamento del puntaje
A15: =B15&"|"&C15 -> C1|1 a 3 equipos | B15: C1 | C15: 1 a 3 equipos | D15: El caso indica 1 a 3 equipos (o hasta ~27 personas). | E15: 3 | F15: 4 | G15: 1 | H15: 5 | I15: Por debajo del mínimo de Nexus (3) y de un ART de SAFe; LeSS funciona desde 2 equipos; DA aplica a cualquier tamaño.
A16: =B16&"|"&C16 -> C1|4 a 9 equipos | B16: C1 | C16: 4 a 9 equipos | D16: El caso indica entre 4 y 9 equipos. | E16: 5 | F16: 5 | G16: 3 | H16: 4 | I16: Rango de diseño de Nexus (3-9) y LeSS (2-8). Un solo ART de SAFe sería un tren pequeño.
A17: =B17&"|"&C17 -> C1|10 a 15 equipos | B17: C1 | C17: 10 a 15 equipos | D17: El caso indica entre 10 y 15 equipos. | E17: 3 | F17: 4 | G17: 4 | H17: 4 | I17: Nexus necesita Nexus+ (varios Nexus); LeSS Huge empieza a aplicar; SAFe cabe en 1-2 ART.
A18: =B18&"|"&C18 -> C1|16 a 50 equipos | B18: C1 | C18: 16 a 50 equipos | D18: El caso indica entre 16 y 50 equipos (≈150-500 personas). | E18: 1 | F18: 3 | G18: 5 | H18: 3 | I18: Rango típico de SAFe Large Solution / varios ART. LeSS Huge es posible pero exige reorganizar áreas de requerimientos. Nexus queda fuera de su diseño.
A19: =B19&"|"&C19 -> C1|Más de 50 equipos | B19: C1 | C19: Más de 50 equipos | D19: El caso indica más de 50 equipos. | E19: 0 | F19: 2 | G19: 5 | H19: 3 | I19: Nexus no está diseñado para esta escala (incompatible). SAFe Portfolio/Large Solution es el escenario previsto.
A20: =B20&"|"&C20 -> C2|Un solo producto | B20: C2 | C20: Un solo producto | D20: Todos los equipos trabajan sobre un mismo producto, con un Product Backlog y un incremento integrado. | E20: 5 | F20: 5 | G20: 3 | H20: 3 | I20: Es el supuesto base de Nexus y LeSS. SAFe y DA pueden aplicarse pero agregan estructura innecesaria.
A21: =B21&"|"&C21 -> C2|Varias soluciones interdependientes | B21: C2 | C21: Varias soluciones interdependientes | D21: Varios productos o soluciones conectados que deben integrarse o entregar valor en conjunto (cadena de valor). | E21: 1 | F21: 2 | G21: 5 | H21: 3 | I21: SAFe organiza trenes por cadena de valor y soluciones grandes. Nexus no contempla varios backlogs; LeSS obliga a redefinir todo como un solo producto amplio.
A22: =B22&"|"&C22 -> C2|Productos o proyectos independientes | B22: C2 | C22: Productos o proyectos independientes | D22: Productos o proyectos sin incremento común (por ejemplo, clientes distintos). | E22: 0 | F22: 0 | G22: 2 | H22: 5 | I22: Nexus y LeSS requieren un único producto: incompatibles. SAFe no aporta su valor principal (coordinar un tren). DA está diseñado para contextos distintos.
A23: =B23&"|"&C23 -> C3|Bajas | B23: C3 | C23: Bajas | D23: Los equipos son mayormente independientes; no se mencionan dependencias relevantes ni áreas transversales compartidas. | E23: 3 | F23: 4 | G23: 2 | H23: 5 | I23: El equipo de integración de Nexus y el PI Planning de SAFe serían sobrecarga. LeSS (equipos de característica) y DA se ajustan bien.
A24: =B24&"|"&C24 -> C3|Medias | B24: C3 | C24: Medias | D24: Dependencias entre equipos del mismo producto (código, integración, componentes compartidos) que se resuelven en refinamiento e integración. | E24: 5 | F24: 4 | G24: 4 | H24: 4 | I24: Es exactamente el problema que resuelve Nexus (Nexus Integration Team).
A25: =B25&"|"&C25 -> C3|Altas | B25: C3 | C25: Altas | D25: Dependencias entre soluciones y con áreas transversales (arquitectura, datos, seguridad, operaciones, proveedores) que exigen planificación sincronizada. | E25: 2 | F25: 2 | G25: 5 | H25: 3 | I25: SAFe incorpora PI Planning, Solution Train y roles de arquitectura. LeSS propone eliminar dependencias reorganizando, lo cual es costoso en este contexto.
A26: =B26&"|"&C26 -> C4|Ligera | B26: C4 | C26: Ligera | D26: Sin regulación sectorial relevante ni exigencias formales de auditoría. | E26: 4 | F26: 5 | G26: 2 | H26: 4 | I26: Los marcos livianos aprovechan la ausencia de controles; SAFe agrega estructura no requerida.
... A37: =B37&"|"&C37 -> C7|Alta | B37: C7 | C37: Alta | D37: Conviven ciclos de vida distintos: iterativo, mantenimiento/flujo continuo e híbrido o predictivo. | E37: 0 | F37: 1 | G37: 2 | H37: 5 | I37: Nexus exige Scrum en todos los equipos: incompatible. DA ofrece varios ciclos de vida.

Sheet 3_Reglas_Decision
A1: 3. Reglas de decisión: exclusiones, empates y datos faltantes
A3: Parámetro | B3: Valor | C3: Uso
A4: Umbral de empate técnico | B4: 0.1 | C4: Si la diferencia entre el primer marco elegible y otro marco elegible es menor o igual a este valor, se considera empate técnico (2 % de la escala de 5 puntos).
A5: Puntaje neutro por dato faltante | B5: 2.5 | C5: Se asigna a los cuatro marcos cuando un criterio no tiene información; no altera el orden, pero activa el análisis de sensibilidad.
A8: Regla | B8: Tipo | C8: Descripción verificable
A9: R1. Captura | B9: Datos | C9: Cada criterio se captura con un valor de la lista y un estado: Explícito (el caso lo dice), Inferido (se deduce; se escribe el supuesto) o Faltante (no hay base).
A10: R2. Cálculo | B10: Cálculo | C10: Puntaje(marco) = Σ peso × compatibilidad. Compatibilidad = valor de la tabla de reglas para el nivel capturado; si el dato es Faltante, PUNTAJE_NEUTRO.
A11: R3. Exclusión automática | B11: Restricción crítica | C11: Un marco queda Excluido si obtiene 0 en un criterio marcado como excluyente (C1, C2, C7) con dato Explícito o Inferido. Un marco excluido no puede recomendarse aunque su total sea alto.
A12: R4. Exclusión manual | B12: Restricción crítica | C12: Si el caso declara una restricción que impide un marco (p. ej., «no se adoptará Scrum», «no se puede certificar personal»), se marca Exclusión manual = Sí y se documenta el motivo.
A13: R5. Recomendación | B13: Decisión | C13: Se recomienda el marco elegible con mayor puntaje total.
A14: R6. Empate técnico | B14: Desempate | C14: Si dos o más marcos elegibles están a UMBRAL_EMPATE o menos del máximo, se desempata en este orden: (a) menor número de criterios con compatibilidad ≤ 1 (menos riesgos críticos); (b) mayor puntaje ponderado en criterios excluyentes/estructurales; (c) parsimonia: el marco más liviano de adoptar (Nexus > LeSS > DA > SAFe).
A15: R7. Datos faltantes y robustez | B15: Sensibilidad | C15: Para cada competidor se calcula la brecha en el peor caso: brecha actual + Σ (peso × menor diferencia posible entre el recomendado y el competidor en cada criterio faltante). Si alguna brecha en el peor caso es ≤ 0, la recomendación es Sensible: el agente debe pedir aclaración de esos criterios antes de concluir. Si todas son > 0, es Robusta y se informan los supuestos.
A16: R8. Inferencias | B16: Datos | C16: Solo se infiere un valor si hay evidencia indirecta en el caso (p. ej., sector regulado, 250 personas ≈ 25 equipos, a razón de unas 10 personas por equipo). Toda inferencia se reporta como supuesto.
A17: R9. Sin marco compatible | B17: Decisión | C17: Si los cuatro marcos quedan excluidos, la matriz informa «Ninguno compatible» y se recomienda revisar el caso.

Sheet Aux_Sensibilidad
A1: Tabla auxiliar: menor diferencia posible (recomendado − competidor) en cada criterio, considerando todos sus niveles
A2: Se usa para calcular la brecha en el peor caso cuando un criterio es Faltante (regla R7). Se calcula con fórmulas a partir de la hoja 2_Escalas_Reglas.
A4: Recomendado | B4: Clave par | C4: C1 | D4: C2 | E4: C3 | F4: C4 | G4: C5 | H4: C6 | I4: C7
A5: Nexus | B5: =A5&"|"&"Nexus" -> Nexus|Nexus | C5: =MIN('2_Escalas_Reglas'!E15-'2_Escalas_Reglas'!E15,'2_Escalas_Reglas'!E16-'2_Escalas_Reglas'!E16,'2_Escalas_Reglas'!E17-'2_Escalas_Reglas'!E17,'2_Escalas_Reglas'!E18-'2_Escalas_Reglas'!E18,'2_Escalas_Reglas'!E19-'2_Escalas_Reglas'!E19) -> 0 | D5: =MIN('2_Escalas_Reglas'!E20-'2_Escalas_Reglas'!E20,'2_Escalas_Reglas'!E21-'2_Escalas_Reglas'!E21,'2_Escalas_Reglas'!E22-'2_Escalas_Reglas'!E22) -> 0 | E5: =MIN('2_Escalas_Reglas'!E23-'2_Escalas_Reglas'!E23,'2_Escalas_Reglas'!E24-'2_Escalas_Reglas'!E24,'2_Escalas_Reglas'!E25-'2_Escalas_Reglas'!E25) -> 0 | F5: =MIN('2_Escalas_Reglas'!E26-'2_Escalas_Reglas'!E26,'2_Escalas_Reglas'!E27-'2_Escalas_Reglas'!E27,'2_Escalas_Reglas'!E28-'2_Escalas_Reglas'!E28) -> 0 | G5: =MIN('2_Escalas_Reglas'!E29-'2_Escalas_Reglas'!E29,'2_Escalas_Reglas'!E30-'2_Escalas_Reglas'!E30,'2_Escalas_Reglas'!E31-'2_Escalas_Reglas'!E31) -> 0 | H5: =MIN('2_Escalas_Reglas'!E32-'2_Escalas_Reglas'!E32,'2_Escalas_Reglas'!E33-'2_Escalas_Reglas'!E33,'2_Escalas_Reglas'!E34-'2_Escalas_Reglas'!E34) -> 0 | I5: =MIN('2_Escalas_Reglas'!E35-'2_Escalas_Reglas'!E35,'2_Escalas_Reglas'!E36-'2_Escalas_Reglas'!E36,'2_Escalas_Reglas'!E37-'2_Escalas_Reglas'!E37) -> 0
A6: Nexus | B6: =A6&"|"&"LeSS" -> Nexus|LeSS | C6: =MIN('2_Escalas_Reglas'!E15-'2_Escalas_Reglas'!F15,'2_Escalas_Reglas'!E16-'2_Escalas_Reglas'!F16,'2_Escalas_Reglas'!E17-'2_Escalas_Reglas'!F17,'2_Escalas_Reglas'!E18-'2_Escalas_Reglas'!F18,'2_Escalas_Reglas'!E19-'2_Escalas_Reglas'!F19) -> -2 | D6: =MIN('2_Escalas_Reglas'!E20-'2_Escalas_Reglas'!F20,'2_Escalas_Reglas'!E21-'2_Escalas_Reglas'!F21,'2_Escalas_Reglas'!E22-'2_Escalas_Reglas'!F22) -> -1 | E6: =MIN('2_Escalas_Reglas'!E23-'2_Escalas_Reglas'!F23,'2_Escalas_Reglas'!E24-'2_Escalas_Reglas'!F24,'2_Escalas_Reglas'!E25-'2_Escalas_Reglas'!F25) -> -1 | F6: =MIN('2_Escalas_Reglas'!E26-'2_Escalas_Reglas'!F26,'2_Escalas_Reglas'!E27-'2_Escalas_Reglas'!F27,'2_Escalas_Reglas'!E28-'2_Escalas_Reglas'!F28) -> -1 | G6: =MIN('2_Escalas_Reglas'!E29-'2_Escalas_Reglas'!F29,'2_Escalas_Reglas'!E30-'2_Escalas_Reglas'!F30,'2_Escalas_Reglas'!E31-'2_Escalas_Reglas'!F31) -> 0 | H6: =MIN('2_Escalas_Reglas'!E32-'2_Escalas_Reglas'!F32,'2_Escalas_Reglas'!E33-'2_Escalas_Reglas'!F33,'2_Escalas_Reglas'!E34-'2_Escalas_Reglas'!F34) -> -1 | I6: =MIN('2_Escalas_Reglas'!E35-'2_Escalas_Reglas'!F35,'2_Escalas_Reglas'!E36-'2_Escalas_Reglas'!F36,'2_Escalas_Reglas'!E37-'2_Escalas_Reglas'!F37) -> -1
A7: Nexus | B7: =A7&"|"&"SAFe" -> Nexus|SAFe | C7: =MIN('2_Escalas_Reglas'!E15-'2_Escalas_Reglas'!G15,'2_Escalas_Reglas'!E16-'2_Escalas_Reglas'!G16,'2_Escalas_Reglas'!E17-'2_Escalas_Reglas'!G17,'2_Escalas_Reglas'!E18-'2_Escalas_Reglas'!G18,'2_Escalas_Reglas'!E19-'2_Escalas_Reglas'!G19) -> -5 | D7: =MIN('2_Escalas_Reglas'!E20-'2_Escalas_Reglas'!G20,'2_Escalas_Reglas'!E21-'2_Escalas_Reglas'!G21,'2_Escalas_Reglas'!E22-'2_Escalas_Reglas'!G22) -> -4 | E7: =MIN('2_Escalas_Reglas'!E23-'2_Escalas_Reglas'!G23,'2_Escalas_Reglas'!E24-'2_Escalas_Reglas'!G24,'2_Escalas_Reglas'!E25-'2_Escalas_Reglas'!G25) -> -3 | F7: =MIN('2_Escalas_Reglas'!E26-'2_Escalas_Reglas'!G26,'2_Escalas_Reglas'!E27-'2_Escalas_Reglas'!G27,'2_Escalas_Reglas'!E28-'2_Escalas_Reglas'!G28) -> -3 | G7: =MIN('2_Escalas_Reglas'!E29-'2_Escalas_Reglas'!G29,'2_Escalas_Reglas'!E30-'2_Escalas_Reglas'!G30,'2_Escalas_Reglas'!E31-'2_Escalas_Reglas'!G31) -> -4 | H7: =MIN('2_Escalas_Reglas'!E32-'2_Escalas_Reglas'!G32,'2_Escalas_Reglas'!E33-'2_Escalas_Reglas'!G33,'2_Escalas_Reglas'!E34-'2_Escalas_Reglas'!G34) -> -1 | I7: =MIN('2_Escalas_Reglas'!E35-'2_Escalas_Reglas'!G35,'2_Escalas_Reglas'!E36-'2_Escalas_Reglas'!G36,'2_Escalas_Reglas'!E37-'2_Escalas_Reglas'!G37) -> -2
A8: Nexus | B8: =A8&"|"&"Disciplined Agile" -> Nexus|Disciplined Agile | C8: =MIN('2_Escalas_Reglas'!E15-'2_Escalas_Reglas'!H15,'2_Escalas_Reglas'!E16-'2_Escalas_Reglas'!H16,'2_Escalas_Reglas'!E17-'2_Escalas_Reglas'!H17,'2_Escalas_Reglas'!E18-'2_Escalas_Reglas'!H18,'2_Escalas_Reglas'!E19-'2_Escalas_Reglas'!H19) -> -3 | D8: =MIN('2_Escalas_Reglas'!E20-'2_Escalas_Reglas'!H20,'2_Escalas_Reglas'!E21-'2_Escalas_Reglas'!H21,'2_Escalas_Reglas'!E22-'2_Escalas_Reglas'!H22) -> -5 | E8: =MIN('2_Escalas_Reglas'!E23-'2_Escalas_Reglas'!H23,'2_Escalas_Reglas'!E24-'2_Escalas_Reglas'!H24,'2_Escalas_Reglas'!E25-'2_Escalas_Reglas'!H25) -> -2 | F8: =MIN('2_Escalas_Reglas'!E26-'2_Escalas_Reglas'!H26,'2_Escalas_Reglas'!E27-'2_Escalas_Reglas'!H27,'2_Escalas_Reglas'!E28-'2_Escalas_Reglas'!H28) -> -2 | G8: =MIN('2_Escalas_Reglas'!E29-'2_Escalas_Reglas'!H29,'2_Escalas_Reglas'!E30-'2_Escalas_Reglas'!H30,'2_Escalas_Reglas'!E31-'2_Escalas_Reglas'!H31) -> -2 | H8: =MIN('2_Escalas_Reglas'!E32-'2_Escalas_Reglas'!H32,'2_Escalas_Reglas'!E33-'2_Escalas_Reglas'!H33,'2_Escalas_Reglas'!E34-'2_Escalas_Reglas'!H34) -> -4 | I8: =MIN('2_Escalas_Reglas'!E35-'2_Escalas_Reglas'!H35,'2_Escalas_Reglas'!E36-'2_Escalas_Reglas'!H36,'2_Escalas_Reglas'!E37-'2_Escalas_Reglas'!H37) -> -5
A9: LeSS | B9: =A9&"|"&"Nexus" -> LeSS|Nexus | C9: =MIN('2_Escalas_Reglas'!F15-'2_Escalas_Reglas'!E15,'2_Escalas_Reglas'!F16-'2_Escalas_Reglas'!E16,'2_Escalas_Reglas'!F17-'2_Escalas_Reglas'!E17,'2_Escalas_Reglas'!F18-'2_Escalas_Reglas'!E18,'2_Escalas_Reglas'!F19-'2_Escalas_Reglas'!E19) -> 0 | D9: =MIN('2_Escalas_Reglas'!F20-'2_Escalas_Reglas'!E20,'2_Escalas_Reglas'!F21-'2_Escalas_Reglas'!E21,'2_Escalas_Reglas'!F22-'2_Escalas_Reglas'!E22) -> 0 | E9: =MIN('2_Escalas_Reglas'!F23-'2_Escalas_Reglas'!E23,'2_Escalas_Reglas'!F24-'2_Escalas_Reglas'!E24,'2_Escalas_Reglas'!F25-'2_Escalas_Reglas'!E25) -> -1 | F9: =MIN('2_Escalas_Reglas'!F26-'2_Escalas_Reglas'!E26,'2_Escalas_Reglas'!F27-'2_Escalas_Reglas'!E27,'2_Escalas_Reglas'!F28-'2_Escalas_Reglas'!E28) -> -1 | G9: =MIN('2_Escalas_Reglas'!F29-'2_Escalas_Reglas'!E29,'2_Escalas_Reglas'!F30-'2_Escalas_Reglas'!E30,'2_Escalas_Reglas'!F31-'2_Escalas_Reglas'!E31) -> 0 | H9: =MIN('2_Escalas_Reglas'!F32-'2_Escalas_Reglas'!E32,'2_Escalas_Reglas'!F33-'2_Escalas_Reglas'!E33,'2_Escalas_Reglas'!F34-'2_Escalas_Reglas'!E34) -> 0 | I9: =MIN('2_Escalas_Reglas'!F35-'2_Escalas_Reglas'!E35,'2_Escalas_Reglas'!F36-'2_Escalas_Reglas'!E36,'2_Escalas_Reglas'!F37-'2_Escalas_Reglas'!E37) -> 0
A10: LeSS | B10: =A10&"|"&"LeSS" -> LeSS|LeSS | C10: =MIN('2_Escalas_Reglas'!F15-'2_Escalas_Reglas'!F15,'2_Escalas_Reglas'!F16-'2_Escalas_Reglas'!F16,'2_Escalas_Reglas'!F17-'2_Escalas_Reglas'!F17,'2_Escalas_Reglas'!F18-'2_Escalas_Reglas'!F18,'2_Escalas_Reglas'!F19-'2_Escalas_Reglas'!F19) -> 0 | D10: =MIN('2_Escalas_Reglas'!F20-'2_Escalas_Reglas'!F20,'2_Escalas_Reglas'!F21-'2_Escalas_Reglas'!F21,'2_Escalas_Reglas'!F22-'2_Escalas_Reglas'!F22) -> 0 | E10: =MIN('2_Escalas_Reglas'!F23-'2_Escalas_Reglas'!F23,'2_Escalas_Reglas'!F24-'2_Escalas_Reglas'!F24,'2_Escalas_Reglas'!F25-'2_Escalas_Reglas'!F25) -> 0 | F10: =MIN('2_Escalas_Reglas'!F26-'2_Escalas_Reglas'!F26,'2_Escalas_Reglas'!F27-'2_Escalas_Reglas'!F27,'2_Escalas_Reglas'!F28-'2_Escalas_Reglas'!F28) -> 0 | G10: =MIN('2_Escalas_Reglas'!F29-'2_Escalas_Reglas'!F29,'2_Escalas_Reglas'!F30-'2_Escalas_Reglas'!F30,'2_Escalas_Reglas'!F31-'2_Escalas_Reglas'!F31) -> 0 | H10: =MIN('2_Escalas_Reglas'!F32-'2_Escalas_Reglas'!F32,'2_Escalas_Reglas'!F33-'2_Escalas_Reglas'!F33,'2_Escalas_Reglas'!F34-'2_Escalas_Reglas'!F34) -> 0 | I10: =MIN('2_Escalas_Reglas'!F35-'2_Escalas_Reglas'!F35,'2_Escalas_Reglas'!F36-'2_Escalas_Reglas'!F36,'2_Escalas_Reglas'!F37-'2_Escalas_Reglas'!F37) -> 0
A11: LeSS | B11: =A11&"|"&"SAFe" -> LeSS|SAFe | C11: =MIN('2_Escalas_Reglas'!F15-'2_Escalas_Reglas'!G15,'2_Escalas_Reglas'!F16-'2_Escalas_Reglas'!G16,'2_Escalas_Reglas'!F17-'2_Escalas_Reglas'!G17,'2_Escalas_Reglas'!F18-'2_Escalas_Reglas'!G18,'2_Escalas_Reglas'!F19-'2_Escalas_Reglas'!G19) -> -3 | D11: =MIN('2_Escalas_Reglas'!F20-'2_Escalas_Reglas'!G20,'2_Escalas_Reglas'!F21-'2_Escalas_Reglas'!G21,'2_Escalas_Reglas'!F22-'2_Escalas_Reglas'!G22) -> -3 | E11: =MIN('2_Escalas_Reglas'!F23-'2_Escalas_Reglas'!G23,'2_Escalas_Reglas'!F24-'2_Escalas_Reglas'!G24,'2_Escalas_Reglas'!F25-'2_Escalas_Reglas'!G25) -> -3 | F11: =MIN('2_Escalas_Reglas'!F26-'2_Escalas_Reglas'!G26,'2_Escalas_Reglas'!F27-'2_Escalas_Reglas'!G27,'2_Escalas_Reglas'!F28-'2_Escalas_Reglas'!G28) -> -4 | G11: =MIN('2_Escalas_Reglas'!F29-'2_Escalas_Reglas'!G29,'2_Escalas_Reglas'!F30-'2_Escalas_Reglas'!G30,'2_Escalas_Reglas'!F31-'2_Escalas_Reglas'!G31) -> -4 | H11: =MIN('2_Escalas_Reglas'!F32-'2_Escalas_Reglas'!G32,'2_Escalas_Reglas'!F33-'2_Escalas_Reglas'!G33,'2_Escalas_Reglas'!F34-'2_Escalas_Reglas'!G34) -> -1 | I11: =MIN('2_Escalas_Reglas'!F35-'2_Escalas_Reglas'!G35,'2_Escalas_Reglas'!F36-'2_Escalas_Reglas'!G36,'2_Escalas_Reglas'!F37-'2_Escalas_Reglas'!G37) -> -1
A12: LeSS | B12: =A12&"|"&"Disciplined Agile" -> LeSS|Disciplined Agile | C12: =MIN('2_Escalas_Reglas'!F15-'2_Escalas_Reglas'!H15,'2_Escalas_Reglas'!F16-'2_Escalas_Reglas'!H16,'2_Escalas_Reglas'!F17-'2_Escalas_Reglas'!H17,'2_Escalas_Reglas'!F18-'2_Escalas_Reglas'!H18,'2_Escalas_Reglas'!F19-'2_Escalas_Reglas'!H19) -> -1 | D12: =MIN('2_Escalas_Reglas'!F20-'2_Escalas_Reglas'!H20,'2_Escalas_Reglas'!F21-'2_Escalas_Reglas'!H21,'2_Escalas_Reglas'!F22-'2_Escalas_Reglas'!H22) -> -5 | E12: =MIN('2_Escalas_Reglas'!F23-'2_Escalas_Reglas'!H23,'2_Escalas_Reglas'!F24-'2_Escalas_Reglas'!H24,'2_Escalas_Reglas'!F25-'2_Escalas_Reglas'!H25) -> -1 | F12: =MIN('2_Escalas_Reglas'!F26-'2_Escalas_Reglas'!H26,'2_Escalas_Reglas'!F27-'2_Escalas_Reglas'!H27,'2_Escalas_Reglas'!F28-'2_Escalas_Reglas'!H28) -> -3 | G12: =MIN('2_Escalas_Reglas'!F29-'2_Escalas_Reglas'!H29,'2_Escalas_Reglas'!F30-'2_Escalas_Reglas'!H30,'2_Escalas_Reglas'!F31-'2_Escalas_Reglas'!H31) -> -2 | H12: =MIN('2_Escalas_Reglas'!F32-'2_Escalas_Reglas'!H32,'2_Escalas_Reglas'!F33-'2_Escalas_Reglas'!H33,'2_Escalas_Reglas'!F34-'2_Escalas_Reglas'!H34) -> -3 | I12: =MIN('2_Escalas_Reglas'!F35-'2_Escalas_Reglas'!H35,'2_Escalas_Reglas'!F36-'2_Escalas_Reglas'!H36,'2_Escalas_Reglas'!F37-'2_Escalas_Reglas'!H37) -> -4
A13: SAFe | B13: =A13&"|"&"Nexus" -> SAFe|Nexus | C13: =MIN('2_Escalas_Reglas'!G15-'2_Escalas_Reglas'!E15,'2_Escalas_Reglas'!G16-'2_Escalas_Reglas'!E16,'2_Escalas_Reglas'!G17-'2_Escalas_Reglas'!E17,'2_Escalas_Reglas'!G18-'2_Escalas_Reglas'!E18,'2_Escalas_Reglas'!G19-'2_Escalas_Reglas'!E19) -> -2 | D13: =MIN('2_Escalas_Reglas'!G20-'2_Escalas_Reglas'!E20,'2_Escalas_Reglas'!G21-'2_Escalas_Reglas'!E21,'2_Escalas_Reglas'!G22-'2_Escalas_Reglas'!E22) -> -2 | E13: =MIN('2_Escalas_Reglas'!G23-'2_Escalas_Reglas'!E23,'2_Escalas_Reglas'!G24-'2_Escalas_Reglas'!E24,'2_Escalas_Reglas'!G25-'2_Escalas_Reglas'!E25) -> -1 | F13: =MIN('2_Escalas_Reglas'!G26-'2_Escalas_Reglas'!E26,'2_Escalas_Reglas'!G27-'2_Escalas_Reglas'!E27,'2_Escalas_Reglas'!G28-'2_Escalas_Reglas'!E28) -> -2 | G13: =MIN('2_Escalas_Reglas'!G29-'2_Escalas_Reglas'!E29,'2_Escalas_Reglas'!G30-'2_Escalas_Reglas'!E30,'2_Escalas_Reglas'!G31-'2_Escalas_Reglas'!E31) -> -3 | H13: =MIN('2_Escalas_Reglas'!G32-'2_Escalas_Reglas'!E32,'2_Escalas_Reglas'!G33-'2_Escalas_Reglas'!E33,'2_Escalas_Reglas'!G34-'2_Escalas_Reglas'!E34) -> 0 | I13: =MIN('2_Escalas_Reglas'!G35-'2_Escalas_Reglas'!E35,'2_Escalas_Reglas'!G36-'2_Escalas_Reglas'!E36,'2_Escalas_Reglas'!G37-'2_Escalas_Reglas'!E37) -> -1
A14: SAFe | B14: =A14&"|"&"LeSS" -> SAFe|LeSS | C14: =MIN('2_Escalas_Reglas'!G15-'2_Escalas_Reglas'!F15,'2_Escalas_Reglas'!G16-'2_Escalas_Reglas'!F16,'2_Escalas_Reglas'!G17-'2_Escalas_Reglas'!F17,'2_Escalas_Reglas'!G18-'2_Escalas_Reglas'!F18,'2_Escalas_Reglas'!G19-'2_Escalas_Reglas'!F19) -> -3 | D14: =MIN('2_Escalas_Reglas'!G20-'2_Escalas_Reglas'!F20,'2_Escalas_Reglas'!G21-'2_Escalas_Reglas'!F21,'2_Escalas_Reglas'!G22-'2_Escalas_Reglas'!F22) -> -2 | E14: =MIN('2_Escalas_Reglas'!G23-'2_Escalas_Reglas'!F23,'2_Escalas_Reglas'!G24-'2_Escalas_Reglas'!F24,'2_Escalas_Reglas'!G25-'2_Escalas_Reglas'!F25) -> -2 | F14: =MIN('2_Escalas_Reglas'!G26-'2_Escalas_Reglas'!F26,'2_Escalas_Reglas'!G27-'2_Escalas_Reglas'!F27,'2_Escalas_Reglas'!G28-'2_Escalas_Reglas'!F28) -> -3 | G14: =MIN('2_Escalas_Reglas'!G29-'2_Escalas_Reglas'!F29,'2_Escalas_Reglas'!G30-'2_Escalas_Reglas'!F30,'2_Escalas_Reglas'!G31-'2_Escalas_Reglas'!F31) -> -3 | H14: =MIN('2_Escalas_Reglas'!G32-'2_Escalas_Reglas'!F32,'2_Escalas_Reglas'!G33-'2_Escalas_Reglas'!F33,'2_Escalas_Reglas'!G34-'2_Escalas_Reglas'!F34) -> -1 | I14: =MIN('2_Escalas_Reglas'!G35-'2_Escalas_Reglas'!F35,'2_Escalas_Reglas'!G36-'2_Escalas_Reglas'!F36,'2_Escalas_Reglas'!G37-'2_Escalas_Reglas'!F37) -> -1
A15: SAFe | B15: =A15&"|"&"SAFe" -> SAFe|SAFe | C15: =MIN('2_Escalas_Reglas'!G15-'2_Escalas_Reglas'!G15,'2_Escalas_Reglas'!G16-'2_Escalas_Reglas'!G16,'2_Escalas_Reglas'!G17-'2_Escalas_Reglas'!G17,'2_Escalas_Reglas'!G18-'2_Escalas_Reglas'!G18,'2_Escalas_Reglas'!G19-'2_Escalas_Reglas'!G19) -> 0 | D15: =MIN('2_Escalas_Reglas'!G20-'2_Escalas_Reglas'!G20,'2_Escalas_Reglas'!G21-'2_Escalas_Reglas'!G21,'2_Escalas_Reglas'!G22-'2_Escalas_Reglas'!G22) -> 0 | E15: =MIN('2_Escalas_Reglas'!G23-'2_Escalas_Reglas'!G23,'2_Escalas_Reglas'!G24-'2_Escalas_Reglas'!G24,'2_Escalas_Reglas'!G25-'2_Escalas_Reglas'!G25) -> 0 | F15: =MIN('2_Escalas_Reglas'!G26-'2_Escalas_Reglas'!G26,'2_Escalas_Reglas'!G27-'2_Escalas_Reglas'!G27,'2_Escalas_Reglas'!G28-'2_Escalas_Reglas'!G28) -> 0 | G15: =MIN('2_Escalas_Reglas'!G29-'2_Escalas_Reglas'!G29,'2_Escalas_Reglas'!G30-'2_Escalas_Reglas'!G30,'2_Escalas_Reglas'!G31-'2_Escalas_Reglas'!G31) -> 0 | H15: =MIN('2_Escalas_Reglas'!G32-'2_Escalas_Reglas'!G32,'2_Escalas_Reglas'!G33-'2_Escalas_Reglas'!G33,'2_Escalas_Reglas'!G34-'2_Escalas_Reglas'!G34) -> 0 | I15: =MIN('2_Escalas_Reglas'!G35-'2_Escalas_Reglas'!G35,'2_Escalas_Reglas'!G36-'2_Escalas_Reglas'!G36,'2_Escalas_Reglas'!G37-'2_Escalas_Reglas'!G37) -> 0
A16: SAFe | B16: =A16&"|"&"Disciplined Agile" -> SAFe|Disciplined Agile | C16: =MIN('2_Escalas_Reglas'!G15-'2_Escalas_Reglas'!H15,'2_Escalas_Reglas'!G16-'2_Escalas_Reglas'!H16,'2_Escalas_Reglas'!G17-'2_Escalas_Reglas'!H17,'2_Escalas_Reglas'!G18-'2_Escalas_Reglas'!H18,'2_Escalas_Reglas'!G19-'2_Escalas_Reglas'!H19) -> -4 | D16: =MIN('2_Escalas_Reglas'!G20-'2_Escalas_Reglas'!H20,'2_Escalas_Reglas'!G21-'2_Escalas_Reglas'!H21,'2_Escalas_Reglas'!G22-'2_Escalas_Reglas'!H22) -> -3 | E16: =MIN('2_Escalas_Reglas'!G23-'2_Escalas_Reglas'!H23,'2_Escalas_Reglas'!G24-'2_Escalas_Reglas'!H24,'2_Escalas_Reglas'!G25-'2_Escalas_Reglas'!H25) -> -3 | F16: =MIN('2_Escalas_Reglas'!G26-'2_Escalas_Reglas'!H26,'2_Escalas_Reglas'!G27-'2_Escalas_Reglas'!H27,'2_Escalas_Reglas'!G28-'2_Escalas_Reglas'!H28) -> -2 | G16: =MIN('2_Escalas_Reglas'!G29-'2_Escalas_Reglas'!H29,'2_Escalas_Reglas'!G30-'2_Escalas_Reglas'!H30,'2_Escalas_Reglas'!G31-'2_Escalas_Reglas'!H31) -> -3 | H16: =MIN('2_Escalas_Reglas'!G32-'2_Escalas_Reglas'!H32,'2_Escalas_Reglas'!G33-'2_Escalas_Reglas'!H33,'2_Escalas_Reglas'!G34-'2_Escalas_Reglas'!H34) -> -4 | I16: =MIN('2_Escalas_Reglas'!G35-'2_Escalas_Reglas'!H35,'2_Escalas_Reglas'!G36-'2_Escalas_Reglas'!H36,'2_Escalas_Reglas'!G37-'2_Escalas_Reglas'!H37) -> -3
A17: Disciplined Agile | B17: =A17&"|"&"Nexus" -> Disciplined Agile|Nexus | C17: =MIN('2_Escalas_Reglas'!H15-'2_Escalas_Reglas'!E15,'2_Escalas_Reglas'!H16-'2_Escalas_Reglas'!E16,'2_Escalas_Reglas'!H17-'2_Escalas_Reglas'!E17,'2_Escalas_Reglas'!H18-'2_Escalas_Reglas'!E18,'2_Escalas_Reglas'!H19-'2_Escalas_Reglas'!E19) -> -1 | D17: =MIN('2_Escalas_Reglas'!H20-'2_Escalas_Reglas'!E20,'2_Escalas_Reglas'!H21-'2_Escalas_Reglas'!E21,'2_Escalas_Reglas'!H22-'2_Escalas_Reglas'!E22) -> -2 | E17: =MIN('2_Escalas_Reglas'!H23-'2_Escalas_Reglas'!E23,'2_Escalas_Reglas'!H24-'2_Escalas_Reglas'!E24,'2_Escalas_Reglas'!H25-'2_Escalas_Reglas'!E25) -> -1 | F17: =MIN('2_Escalas_Reglas'!H26-'2_Escalas_Reglas'!E26,'2_Escalas_Reglas'!H27-'2_Escalas_Reglas'!E27,'2_Escalas_Reglas'!H28-'2_Escalas_Reglas'!E28) -> 0 | G17: =MIN('2_Escalas_Reglas'!H29-'2_Escalas_Reglas'!E29,'2_Escalas_Reglas'!H30-'2_Escalas_Reglas'!E30,'2_Escalas_Reglas'!H31-'2_Escalas_Reglas'!E31) -> 0 | H17: =MIN('2_Escalas_Reglas'!H32-'2_Escalas_Reglas'!E32,'2_Escalas_Reglas'!H33-'2_Escalas_Reglas'!E33,'2_Escalas_Reglas'!H34-'2_Escalas_Reglas'!E34) -> -1 | I17: =MIN('2_Escalas_Reglas'!H35-'2_Escalas_Reglas'!E35,'2_Escalas_Reglas'!H36-'2_Escalas_Reglas'!E36,'2_Escalas_Reglas'!H37-'2_Escalas_Reglas'!E37) -> -2
A18: Disciplined Agile | B18: =A18&"|"&"LeSS" -> Disciplined Agile|LeSS | C18: =MIN('2_Escalas_Reglas'!H15-'2_Escalas_Reglas'!F15,'2_Escalas_Reglas'!H16-'2_Escalas_Reglas'!F16,'2_Escalas_Reglas'!H17-'2_Escalas_Reglas'!F17,'2_Escalas_Reglas'!H18-'2_Escalas_Reglas'!F18,'2_Escalas_Reglas'!H19-'2_Escalas_Reglas'!F19) -> -1 | D18: =MIN('2_Escalas_Reglas'!H20-'2_Escalas_Reglas'!F20,'2_Escalas_Reglas'!H21-'2_Escalas_Reglas'!F21,'2_Escalas_Reglas'!H22-'2_Escalas_Reglas'!F22) -> -2 | E18: =MIN('2_Escalas_Reglas'!H23-'2_Escalas_Reglas'!F23,'2_Escalas_Reglas'!H24-'2_Escalas_Reglas'!F24,'2_Escalas_Reglas'!H25-'2_Escalas_Reglas'!F25) -> 0 | F18: =MIN('2_Escalas_Reglas'!H26-'2_Escalas_Reglas'!F26,'2_Escalas_Reglas'!H27-'2_Escalas_Reglas'!F27,'2_Escalas_Reglas'!H28-'2_Escalas_Reglas'!F28) -> -1 | G18: =MIN('2_Escalas_Reglas'!H29-'2_Escalas_Reglas'!F29,'2_Escalas_Reglas'!H30-'2_Escalas_Reglas'!F30,'2_Escalas_Reglas'!H31-'2_Escalas_Reglas'!F31) -> 0 | H18: =MIN('2_Escalas_Reglas'!H32-'2_Escalas_Reglas'!F32,'2_Escalas_Reglas'!H33-'2_Escalas_Reglas'!F33,'2_Escalas_Reglas'!H34-'2_Escalas_Reglas'!F34) -> -1 | I18: =MIN('2_Escalas_Reglas'!H35-'2_Escalas_Reglas'!F35,'2_Escalas_Reglas'!H36-'2_Escalas_Reglas'!F36,'2_Escalas_Reglas'!H37-'2_Escalas_Reglas'!F37) -> -2
A19: Disciplined Agile | B19: =A19&"|"&"SAFe" -> Disciplined Agile|SAFe | C19: =MIN('2_Escalas_Reglas'!H15-'2_Escalas_Reglas'!G15,'2_Escalas_Reglas'!H16-'2_Escalas_Reglas'!G16,'2_Escalas_Reglas'!H17-'2_Escalas_Reglas'!G17,'2_Escalas_Reglas'!H18-'2_Escalas_Reglas'!G18,'2_Escalas_Reglas'!H19-'2_Escalas_Reglas'!G19) -> -2 | D19: =MIN('2_Escalas_Reglas'!H20-'2_Escalas_Reglas'!G20,'2_Escalas_Reglas'!H21-'2_Escalas_Reglas'!G21,'2_Escalas_Reglas'!H22-'2_Escalas_Reglas'!G22) -> -2 | E19: =MIN('2_Escalas_Reglas'!H23-'2_Escalas_Reglas'!G23,'2_Escalas_Reglas'!H24-'2_Escalas_Reglas'!G24,'2_Escalas_Reglas'!H25-'2_Escalas_Reglas'!G25) -> -2 | F19: =MIN('2_Escalas_Reglas'!H26-'2_Escalas_Reglas'!G26,'2_Escalas_Reglas'!H27-'2_Escalas_Reglas'!G27,'2_Escalas_Reglas'!H28-'2_Escalas_Reglas'!G28) -> -1 | G19: =MIN('2_Escalas_Reglas'!H29-'2_Escalas_Reglas'!G29,'2_Escalas_Reglas'!H30-'2_Escalas_Reglas'!G30,'2_Escalas_Reglas'!H31-'2_Escalas_Reglas'!G31) -> -2 | H19: =MIN('2_Escalas_Reglas'!H32-'2_Escalas_Reglas'!G32,'2_Escalas_Reglas'!H33-'2_Escalas_Reglas'!G33,'2_Escalas_Reglas'!H34-'2_Escalas_Reglas'!G34) -> -2 | I19: =MIN('2_Escalas_Reglas'!H35-'2_Escalas_Reglas'!G35,'2_Escalas_Reglas'!H36-'2_Escalas_Reglas'!G36,'2_Escalas_Reglas'!H37-'2_Escalas_Reglas'!G37) -> -1
A20: Disciplined Agile | B20: =A20&"|"&"Disciplined Agile" -> Disciplined Agile|Disciplined Agile | C20: =MIN('2_Escalas_Reglas'!H15-'2_Escalas_Reglas'!H15,'2_Escalas_Reglas'!H16-'2_Escalas_Reglas'!H16,'2_Escalas_Reglas'!H17-'2_Escalas_Reglas'!H17,'2_Escalas_Reglas'!H18-'2_Escalas_Reglas'!H18,'2_Escalas_Reglas'!H19-'2_Escalas_Reglas'!H19) -> 0 | D20: =MIN('2_Escalas_Reglas'!H20-'2_Escalas_Reglas'!H20,'2_Escalas_Reglas'!H21-'2_Escalas_Reglas'!H21,'2_Escalas_Reglas'!H22-'2_Escalas_Reglas'!H22) -> 0 | E20: =MIN('2_Escalas_Reglas'!H23-'2_Escalas_Reglas'!H23,'2_Escalas_Reglas'!H24-'2_Escalas_Reglas'!H24,'2_Escalas_Reglas'!H25-'2_Escalas_Reglas'!H25) -> 0 | F20: =MIN('2_Escalas_Reglas'!H26-'2_Escalas_Reglas'!H26,'2_Escalas_Reglas'!H27-'2_Escalas_Reglas'!H27,'2_Escalas_Reglas'!H28-'2_Escalas_Reglas'!H28) -> 0 | G20: =MIN('2_Escalas_Reglas'!H29-'2_Escalas_Reglas'!H29,'2_Escalas_Reglas'!H30-'2_Escalas_Reglas'!H30,'2_Escalas_Reglas'!H31-'2_Escalas_Reglas'!H31) -> 0 | H20: =MIN('2_Escalas_Reglas'!H32-'2_Escalas_Reglas'!H32,'2_Escalas_Reglas'!H33-'2_Escalas_Reglas'!H33,'2_Escalas_Reglas'!H34-'2_Escalas_Reglas'!H34) -> 0 | I20: =MIN('2_Escalas_Reglas'!H35-'2_Escalas_Reglas'!H35,'2_Escalas_Reglas'!H36-'2_Escalas_Reglas'!H36,'2_Escalas_Reglas'!H37-'2_Escalas_Reglas'!H37) -> 0

Sheet Plantilla
A1: Caso nuevo: (escriba el nombre)
A2: Descripción del caso: | B2: (Pegue aquí la descripción del caso)
A4: A. Evaluación del caso (captura de datos y compatibilidad)
A5: ID | B5: Criterio | C5: Peso | D5: Excluyente | E5: Evidencia del caso | F5: Valor capturado | G5: Estado del dato | H5: Supuesto / justificación | I5: Nivel aplicado | J5: Nexus | K5: LeSS | L5: SAFe | M5: DA | N5: Pond. Nexus | O5: Pond. LeSS | P5: Pond. SAFe | Q5: Pond. DA | R5: Ajuste peor caso Nexus | S5: Ajuste peor caso LeSS | T5: Ajuste peor caso SAFe | U5: Ajuste peor caso DA
A6: C1 | B6: ='1_Criterios_Pesos'!B5 -> Escala (número de equipos) | C6: ='1_Criterios_Pesos'!D5 -> 0.15 | D6: ='1_Criterios_Pesos'!E5 -> Sí | I6: =IF(G6="Faltante","(faltante)",IF(F6="","",IF(F6<=3,"1 a 3 equipos",IF(F6<=9,"4 a 9 equipos",IF(F6<=15,"10 a 15 equipos",IF(F6<=50,"16 a 50 equipos","Más de 50 equipos")))))) | J6: =IF($G6="Faltante",PUNTAJE_NEUTRO,IF($I6="","",INDEX('2_Escalas_Reglas'!$E$15:$E$37,MATCH($A6&"|"&$I6,'2_Escalas_Reglas'!$A$15:$A$37,0)))) | K6: =IF($G6="Faltante",PUNTAJE_NEUTRO,IF($I6="","",INDEX('2_Escalas_Reglas'!$F$15:$F$37,MATCH($A6&"|"&$I6,'2_Escalas_Reglas'!$A$15:$A$37,0)))) | L6: =IF($G6="Faltante",PUNTAJE_NEUTRO,IF($I6="","",INDEX('2_Escalas_Reglas'!$G$15:$G$37,MATCH($A6&"|"&$I6,'2_Escalas_Reglas'!$A$15:$A$37,0)))) | M6: =IF($G6="Faltante",PUNTAJE_NEUTRO,IF($I6="","",INDEX('2_Escalas_Reglas'!$H$15:$H$37,MATCH($A6&"|"&$I6,'2_Escalas_Reglas'!$A$15:$A$37,0)))) | N6: =IF(J6="","",$C6*J6) | O6: =IF(K6="","",$C6*K6) | P6: =IF(L6="","",$C6*L6) | Q6: =IF(M6="","",$C6*M6) | R6: =IF($G6="Faltante",IFERROR($C6*INDEX(Aux_Sensibilidad!$C$5:$I$20,MATCH($C$23&"|"&"Nexus",Aux_Sensibilidad!$B$5:$B$20,0),1),0),0) -> 0 | S6: =IF($G6="Faltante",IFERROR($C6*INDEX(Aux_Sensibilidad!$C$5:$I$20,MATCH($C$23&"|"&"LeSS",Aux_Sensibilidad!$B$5:$B$20,0),1),0),0) -> 0 | T6: =IF($G6="Faltante",IFERROR($C6*INDEX(Aux_Sensibilidad!$C$5:$I$20,MATCH($C$23&"|"&"SAFe",Aux_Sensibilidad!$B$5:$B$20,0),1),0),0) -> 0 | U6: =IF($G6="Faltante",IFERROR($C6*INDEX(Aux_Sensibilidad!$C$5:$I$20,MATCH($C$23&"|"&"Disciplined Agile",Aux_Sensibilidad!$B$5:$B$20,0),1),0),0) -> 0
A7: C2 | B7: ='1_Criterios_Pesos'!B6 -> Estructura de producto o solución | C7: ='1_Criterios_Pesos'!D6 -> 0.2 | D7: ='1_Criterios_Pesos'!E6 -> Sí | I7: =IF(G7="Faltante","(faltante)",IF(F7="","",F7)) | J7: =IF($G7="Faltante",PUNTAJE_NEUTRO,IF($I7="","",INDEX('2_Escalas_Reglas'!$E$15:$E$37,MATCH($A7&"|"&$I7,'2_Escalas_Reglas'!$A$15:$A$37,0)))) | K7: =IF($G7="Faltante",PUNTAJE_NEUTRO,IF($I7="","",INDEX('2_Escalas_Reglas'!$F$15:$F$37,MATCH($A7&"|"&$I7,'2_Escalas_Reglas'!$A$15:$A$37,0)))) | L7: =IF($G7="Faltante",PUNTAJE_NEUTRO,IF($I7="","",INDEX('2_Escalas_Reglas'!$G$15:$G$37,MATCH($A7&"|"&$I7,'2_Escalas_Reglas'!$A$15:$A$37,0)))) | M7: =IF($G7="Faltante",PUNTAJE_NEUTRO,IF($I7="","",INDEX('2_Escalas_Reglas'!$H$15:$H$37,MATCH($A7&"|"&$I7,'2_Escalas_Reglas'!$A$15:$A$37,0)))) | N7: =IF(J7="","",$C7*J7) | O7: =IF(K7="","",$C7*K7) | P7: =IF(L7="","",$C7*L7) | Q7: =IF(M7="","",$C7*M7) | R7: =IF($G7="Faltante",IFERROR($C7*INDEX(Aux_Sensibilidad!$C$5:$I$20,MATCH($C$23&"|"&"Nexus",Aux_Sensibilidad!$B$5:$B$20,0),2),0),0) -> 0 | S7: =IF($G7="Faltante",IFERROR($C7*INDEX(Aux_Sensibilidad!$C$5:$I$20,MATCH($C$23&"|"&"LeSS",Aux_Sensibilidad!$B$5:$B$20,0),2),0),0) -> 0 | T7: =IF($G7="Faltante",IFERROR($C7*INDEX(Aux_Sensibilidad!$C$5:$I$20,MATCH($C$23&"|"&"SAFe",Aux_Sensibilidad!$B$5:$B$20,0),2),0),0) -> 0 | U7: =IF($G7="Faltante",IFERROR($C7*INDEX(Aux_Sensibilidad!$C$5:$I$20,MATCH($C$23&"|"&"Disciplined Agile",Aux_Sensibilidad!$B$5:$B$20,0),2),0),0) -> 0
A8: C3 | B8: ='1_Criterios_Pesos'!B7 -> Dependencias entre equipos y áreas | C8: ='1_Criterios_Pesos'!D7 -> 0.15 | D8: ='1_Criterios_Pesos'!E7 -> No | I8: =IF(G8="Faltante","(faltante)",IF(F8="","",F8)) | J8: =IF($G8="Faltante",PUNTAJE_NEUTRO,IF($I8="","",INDEX('2_Escalas_Reglas'!$E$15:$E$37,MATCH($A8&"|"&$I8,'2_Escalas_Reglas'!$A$15:$A$37,0)))) | K8: =IF($G8="Faltante",PUNTAJE_NEUTRO,IF($I8="","",INDEX('2_Escalas_Reglas'!$F$15:$F$37,MATCH($A8&"|"&$I8,'2_Escalas_Reglas'!$A$15:$A$37,0)))) | L8: =IF($G8="Faltante",PUNTAJE_NEUTRO,IF($I8="","",INDEX('2_Escalas_Reglas'!$G$15:$G$37,MATCH($A8&"|"&$I8,'2_Escalas_Reglas'!$A$15:$A$37,0)))) | M8: =IF($G8="Faltante",PUNTAJE_NEUTRO,IF($I8="","",INDEX('2_Escalas_Reglas'!$H$15:$H$37,MATCH($A8&"|"&$I8,'2_Escalas_Reglas'!$A$15:$A$37,0)))) | N8: =IF(J8="","",$C8*J8) | O8: =IF(K8="","",$C8*K8) | P8: =IF(L8="","",$C8*L8) | Q8: =IF(M8="","",$C8*M8) | R8: =IF($G8="Faltante",IFERROR($C8*INDEX(Aux_Sensibilidad!$C$5:$I$20,MATCH($C$23&"|"&"Nexus",Aux_Sensibilidad!$B$5:$B$20,0),3),0),0) -> 0 | S8: =IF($G8="Faltante",IFERROR($C8*INDEX(Aux_Sensibilidad!$C$5:$I$20,MATCH($C$23&"|"&"LeSS",Aux_Sensibilidad!$B$5:$B$20,0),3),0),0) -> 0 | T8: =IF($G8="Faltante",IFERROR($C8*INDEX(Aux_Sensibilidad!$C$5:$I$20,MATCH($C$23&"|"&"SAFe",Aux_Sensibilidad!$B$5:$B$20,0),3),0),0) -> 0 | U8: =IF($G8="Faltante",IFERROR($C8*INDEX(Aux_Sensibilidad!$C$5:$I$20,MATCH($C$23&"|"&"Disciplined Agile",Aux_Sensibilidad!$B$5:$B$20,0),3),0),0) -> 0
A9: C4 | B9: ='1_Criterios_Pesos'!B8 -> Gobernanza y cumplimiento | C9: ='1_Criterios_Pesos'!D8 -> 0.1 | D9: ='1_Criterios_Pesos'!E8 -> No | I9: =IF(G9="Faltante","(faltante)",IF(F9="","",F9)) | J9: =IF($G9="Faltante",PUNTAJE_NEUTRO,IF($I9="","",INDEX('2_Escalas_Reglas'!$E$15:$E$37,MATCH($A9&"|"&$I9,'2_Escalas_Reglas'!$A$15:$A$37,0)))) | K9: =IF($G9="Faltante",PUNTAJE_NEUTRO,IF($I9="","",INDEX('2_Escalas_Reglas'!$F$15:$F$37,MATCH($A9&"|"&$I9,'2_Escalas_Reglas'!$A$15:$A$37,0)))) | L9: =IF($G9="Faltante",PUNTAJE_NEUTRO,IF($I9="","",INDEX('2_Escalas_Reglas'!$G$15:$G$37,MATCH($A9&"|"&$I9,'2_Escalas_Reglas'!$A$15:$A$37,0)))) | M9: =IF($G9="Faltante",PUNTAJE_NEUTRO,IF($I9="","",INDEX('2_Escalas_Reglas'!$H$15:$H$37,MATCH($A9&"|"&$I9,'2_Escalas_Reglas'!$A$15:$A$37,0)))) | N9: =IF(J9="","",$C9*J9) | O9: =IF(K9="","",$C9*K9) | P9: =IF(L9="","",$C9*L9) | Q9: =IF(M9="","",$C9*M9) | R9: =IF($G9="Faltante",IFERROR($C9*INDEX(Aux_Sensibilidad!$C$5:$I$20,MATCH($C$23&"|"&"Nexus",Aux_Sensibilidad!$B$5:$B$20,0),4),0),0) -> 0 | S9: =IF($G9="Faltante",IFERROR($C9*INDEX(Aux_Sensibilidad!$C$5:$I$20,MATCH($C$23&"|"&"LeSS",Aux_Sensibilidad!$B$5:$B$20,0),4),0),0) -> 0 | T9: =IF($G9="Faltante",IFERROR($C9*INDEX(Aux_Sensibilidad!$C$5:$I$20,MATCH($C$23&"|"&"SAFe",Aux_Sensibilidad!$B$5:$B$20,0),4),0),0) -> 0 | U9: =IF($G9="Faltante",IFERROR($C9*INDEX(Aux_Sensibilidad!$C$5:$I$20,MATCH($C$23&"|"&"Disciplined Agile",Aux_Sensibilidad!$B$5:$B$20,0),4),0),0) -> 0
A10: C5 | B10: ='1_Criterios_Pesos'!B9 -> Alineamiento estratégico y portafolio | C10: ='1_Criterios_Pesos'!D9 -> 0.15 | D10: ='1_Criterios_Pesos'!E9 -> No | I10: =IF(G10="Faltante","(faltante)",IF(F10="","",F10)) | J10: =IF($G10="Faltante",PUNTAJE_NEUTRO,IF($I10="","",INDEX('2_Escalas_Reglas'!$E$15:$E$37,MATCH($A10&"|"&$I10,'2_Escalas_Reglas'!$A$15:$A$37,0)))) | K10: =IF($G10="Faltante",PUNTAJE_NEUTRO,IF($I10="","",INDEX('2_Escalas_Reglas'!$F$15:$F$37,MATCH($A10&"|"&$I10,'2_Escalas_Reglas'!$A$15:$A$37,0)))) | L10: =IF($G10="Faltante",PUNTAJE_NEUTRO,IF($I10="","",INDEX('2_Escalas_Reglas'!$G$15:$G$37,MATCH($A10&"|"&$I10,'2_Escalas_Reglas'!$A$15:$A$37,0)))) | M10: =IF($G10="Faltante",PUNTAJE_NEUTRO,IF($I10="","",INDEX('2_Escalas_Reglas'!$H$15:$H$37,MATCH($A10&"|"&$I10,'2_Escalas_Reglas'!$A$15:$A$37,0)))) | N10: =IF(J10="","",$C10*J10) | O10: =IF(K10="","",$C10*K10) | P10: =IF(L10="","",$C10*L10) | Q10: =IF(M10="","",$C10*M10) | R10: =IF($G10="Faltante",IFERROR($C10*INDEX(Aux_Sensibilidad!$C$5:$I$20,MATCH($C$23&"|"&"Nexus",Aux_Sensibilidad!$B$5:$B$20,0),5),0),0) -> 0 | S10: =IF($G10="Faltante",IFERROR($C10*INDEX(Aux_Sensibilidad!$C$5:$I$20,MATCH($C$23&"|"&"LeSS",Aux_Sensibilidad!$B$5:$B$20,0),5),0),0) -> 0 | T10: =IF($G10="Faltante",IFERROR($C10*INDEX(Aux_Sensibilidad!$C$5:$I$20,MATCH($C$23&"|"&"SAFe",Aux_Sensibilidad!$B$5:$B$20,0),5),0),0) -> 0 | U10: =IF($G10="Faltante",IFERROR($C10*INDEX(Aux_Sensibilidad!$C$5:$I$20,MATCH($C$23&"|"&"Disciplined Agile",Aux_Sensibilidad!$B$5:$B$20,0),5),0),0) -> 0
A11: C6 | B11: ='1_Criterios_Pesos'!B10 -> Autonomía y adaptación del proceso | C11: ='1_Criterios_Pesos'!D10 -> 0.1 | D11: ='1_Criterios_Pesos'!E10 -> No | I11: =IF(G11="Faltante","(faltante)",IF(F11="","",F11)) | J11: =IF($G11="Faltante",PUNTAJE_NEUTRO,IF($I11="","",INDEX('2_Escalas_Reglas'!$E$15:$E$37,MATCH($A11&"|"&$I11,'2_Escalas_Reglas'!$A$15:$A$37,0)))) | K11: =IF($G11="Faltante",PUNTAJE_NEUTRO,IF($I11="","",INDEX('2_Escalas_Reglas'!$F$15:$F$37,MATCH($A11&"|"&$I11,'2_Escalas_Reglas'!$A$15:$A$37,0)))) | L11: =IF($G11="Faltante",PUNTAJE_NEUTRO,IF($I11="","",INDEX('2_Escalas_Reglas'!$G$15:$G$37,MATCH($A11&"|"&$I11,'2_Escalas_Reglas'!$A$15:$A$37,0)))) | M11: =IF($G11="Faltante",PUNTAJE_NEUTRO,IF($I11="","",INDEX('2_Escalas_Reglas'!$H$15:$H$37,MATCH($A11&"|"&$I11,'2_Escalas_Reglas'!$A$15:$A$37,0)))) | N11: =IF(J11="","",$C11*J11) | O11: =IF(K11="","",$C11*K11) | P11: =IF(L11="","",$C11*L11) | Q11: =IF(M11="","",$C11*M11) | R11: =IF($G11="Faltante",IFERROR($C11*INDEX(Aux_Sensibilidad!$C$5:$I$20,MATCH($C$23&"|"&"Nexus",Aux_Sensibilidad!$B$5:$B$20,0),6),0),0) -> 0 | S11: =IF($G11="Faltante",IFERROR($C11*INDEX(Aux_Sensibilidad!$C$5:$I$20,MATCH($C$23&"|"&"LeSS",Aux_Sensibilidad!$B$5:$B$20,0),6),0),0) -> 0 | T11: =IF($G11="Faltante",IFERROR($C11*INDEX(Aux_Sensibilidad!$C$5:$I$20,MATCH($C$23&"|"&"SAFe",Aux_Sensibilidad!$B$5:$B$20,0),6),0),0) -> 0 | U11: =IF($G11="Faltante",IFERROR($C11*INDEX(Aux_Sensibilidad!$C$5:$I$20,MATCH($C$23&"|"&"Disciplined Agile",Aux_Sensibilidad!$B$5:$B$20,0),6),0),0) -> 0
A12: C7 | B12: ='1_Criterios_Pesos'!B11 -> Heterogeneidad del trabajo y ciclos de vida | C12: ='1_Criterios_Pesos'!D11 -> 0.15 | D12: ='1_Criterios_Pesos'!E11 -> Sí | I12: =IF(G12="Faltante","(faltante)",IF(F12="","",F12)) | J12: =IF($G12="Faltante",PUNTAJE_NEUTRO,IF($I12="","",INDEX('2_Escalas_Reglas'!$E$15:$E$37,MATCH($A12&"|"&$I12,'2_Escalas_Reglas'!$A$15:$A$37,0)))) | K12: =IF($G12="Faltante",PUNTAJE_NEUTRO,IF($I12="","",INDEX('2_Escalas_Reglas'!$F$15:$F$37,MATCH($A12&"|"&$I12,'2_Escalas_Reglas'!$A$15:$A$37,0)))) | L12: =IF($G12="Faltante",PUNTAJE_NEUTRO,IF($I12="","",INDEX('2_Escalas_Reglas'!$G$15:$G$37,MATCH($A12&"|"&$I12,'2_Escalas_Reglas'!$A$15:$A$37,0)))) | M12: =IF($G12="Faltante",PUNTAJE_NEUTRO,IF($I12="","",INDEX('2_Escalas_Reglas'!$H$15:$H$37,MATCH($A12&"|"&$I12,'2_Escalas_Reglas'!$A$15:$A$37,0)))) | N12: =IF(J12="","",$C12*J12) | O12: =IF(K12="","",$C12*K12) | P12: =IF(L12="","",$C12*L12) | Q12: =IF(M12="","",$C12*M12) | R12: =IF($G12="Faltante",IFERROR($C12*INDEX(Aux_Sensibilidad!$C$5:$I$20,MATCH($C$23&"|"&"Nexus",Aux_Sensibilidad!$B$5:$B$20,0),7),0),0) -> 0 | S12: =IF($G12="Faltante",IFERROR($C12*INDEX(Aux_Sensibilidad!$C$5:$I$20,MATCH($C$23&"|"&"LeSS",Aux_Sensibilidad!$B$5:$B$20,0),7),0),0) -> 0 | T12: =IF($G12="Faltante",IFERROR($C12*INDEX(Aux_Sensibilidad!$C$5:$I$20,MATCH($C$23&"|"&"SAFe",Aux_Sensibilidad!$B$5:$B$20,0),7),0),0) -> 0 | U12: =IF($G12="Faltante",IFERROR($C12*INDEX(Aux_Sensibilidad!$C$5:$I$20,MATCH($C$23&"|"&"Disciplined Agile",Aux_Sensibilidad!$B$5:$B$20,0),7),0),0) -> 0
I13: Total ponderado | N13: =SUM(N6:N12) -> 0 | O13: =SUM(O6:O12) -> 0 | P13: =SUM(P6:P12) -> 0 | Q13: =SUM(Q6:Q12) -> 0 | R13: =SUM(R6:R12) -> 0 | S13: =SUM(S6:S12) -> 0 | T13: =SUM(T6:T12) -> 0 | U13: =SUM(U6:U12) -> 0
A15: B. Resultados
A16: Marco | B16: Total | C16: Exclusión automática | D16: Exclusión manual | E16: Motivo exclusión manual | F16: Estado | G16: Total elegible | H16: Ranking | I16: Criterios con compat. ≤ 1 | J16: Puntaje estructural | K16: Parsimonia | L16: En rango de empate | M16: Clave de desempate | N16: Brecha vs recomendado | O16: Ajuste peor caso | P16: Brecha en peor caso
A17: Nexus | B17: =N13 -> 0 | C17: =IF(SUMPRODUCT(($D$6:$D$12="Sí")*(J$6:J$12=0)*($G$6:$G$12<>"Faltante"))>0,"Sí","No") -> No | D17: No | F17: =IF(OR(C17="Sí",D17="Sí"),"Excluido","Elegible") -> Elegible | G17: =IF(F17="Excluido",-1,B17) -> 0 | H17: =IF(F17="Excluido","—",RANK(G17,$G$17:$G$20)) -> 1 | I17: =COUNTIF(J$6:J$12,"<=1") -> 0 | J17: =SUMIF($D$6:$D$12,"Sí",N$6:N$12) -> 0 | K17: 4 | L17: =AND(F17="Elegible",ROUND(B17,4)>=ROUND($C$22-UMBRAL_EMPATE,4)) -> TRUE | M17: =IF(L17,10000-I17*1000+J17*100+K17,-1) -> 10004 | N17: =IFERROR(IF(OR(F17="Excluido",A17=$C$23),"—",INDEX($B$17:$B$20,MATCH($C$23,$A$17:$A$20,0))-B17),"—") -> — | O17: =R13 -> 0 | P17: =IFERROR(IF(OR(F17="Excluido",A17=$C$23),"—",N17+O17),"—") -> —
A18: LeSS | B18: =O13 -> 0 | C18: =IF(SUMPRODUCT(($D$6:$D$12="Sí")*(K$6:K$12=0)*($G$6:$G$12<>"Faltante"))>0,"Sí","No") -> No | D18: No | F18: =IF(OR(C18="Sí",D18="Sí"),"Excluido","Elegible") -> Elegible | G18: =IF(F18="Excluido",-1,B18) -> 0 | H18: =IF(F18="Excluido","—",RANK(G18,$G$17:$G$20)) -> 1 | I18: =COUNTIF(K$6:K$12,"<=1") -> 0 | J18: =SUMIF($D$6:$D$12,"Sí",O$6:O$12) -> 0 | K18: 3 | L18: =AND(F18="Elegible",ROUND(B18,4)>=ROUND($C$22-UMBRAL_EMPATE,4)) -> TRUE | M18: =IF(L18,10000-I18*1000+J18*100+K18,-1) -> 10003 | N18: =IFERROR(IF(OR(F18="Excluido",A18=$C$23),"—",INDEX($B$17:$B$20,MATCH($C$23,$A$17:$A$20,0))-B18),"—") -> — | O18: =S13 -> 0 | P18: =IFERROR(IF(OR(F18="Excluido",A18=$C$23),"—",N18+O18),"—") -> —
A19: SAFe | B19: =P13 -> 0 | C19: =IF(SUMPRODUCT(($D$6:$D$12="Sí")*(L$6:L$12=0)*($G$6:$G$12<>"Faltante"))>0,"Sí","No") -> No | D19: No | F19: =IF(OR(C19="Sí",D19="Sí"),"Excluido","Elegible") -> Elegible | G19: =IF(F19="Excluido",-1,B19) -> 0 | H19: =IF(F19="Excluido","—",RANK(G19,$G$17:$G$20)) -> 1 | I19: =COUNTIF(L$6:L$12,"<=1") -> 0 | J19: =SUMIF($D$6:$D$12,"Sí",P$6:P$12) -> 0 | K19: 1 | L19: =AND(F19="Elegible",ROUND(B19,4)>=ROUND($C$22-UMBRAL_EMPATE,4)) -> TRUE | M19: =IF(L19,10000-I19*1000+J19*100+K19,-1) -> 10001 | N19: =IFERROR(IF(OR(F19="Excluido",A19=$C$23),"—",INDEX($B$17:$B$20,MATCH($C$23,$A$17:$A$20,0))-B19),"—") -> — | O19: =T13 -> 0 | P19: =IFERROR(IF(OR(F19="Excluido",A19=$C$23),"—",N19+O19),"—") -> —
A20: Disciplined Agile | B20: =Q13 -> 0 | C20: =IF(SUMPRODUCT(($D$6:$D$12="Sí")*(M$6:M$12=0)*($G$6:$G$12<>"Faltante"))>0,"Sí","No") -> No | D20: No | F20: =IF(OR(C20="Sí",D20="Sí"),"Excluido","Elegible") -> Elegible | G20: =IF(F20="Excluido",-1,B20) -> 0 | H20: =IF(F20="Excluido","—",RANK(G20,$G$17:$G$20)) -> 1 | I20: =COUNTIF(M$6:M$12,"<=1") -> 0 | J20: =SUMIF($D$6:$D$12,"Sí",Q$6:Q$12) -> 0 | K20: 2 | L20: =AND(F20="Elegible",ROUND(B20,4)>=ROUND($C$22-UMBRAL_EMPATE,4)) -> TRUE | M20: =IF(L20,10000-I20*1000+J20*100+K20,-1) -> 10002 | N20: =IFERROR(IF(OR(F20="Excluido",A20=$C$23),"—",INDEX($B$17:$B$20,MATCH($C$23,$A$17:$A$20,0))-B20),"—") -> — | O20: =U13 -> 0 | P20: =IFERROR(IF(OR(F20="Excluido",A20=$C$23),"—",N20+O20),"—") -> —
A22: Máximo puntaje elegible | C22: =MAX(G17:G20) -> 0
A23: RECOMENDACIÓN | C23: =IF(COUNTA(G6:G12)<7,"Complete el estado de los 7 criterios",IF(MAX(M17:M20)<0,"Ninguno compatible",INDEX(A17:A20,MATCH(MAX(M17:M20),M17:M20,0)))) -> Complete el estado de los 7 criterios
A24: Puntaje del recomendado | C24: =IFERROR(INDEX(B17:B20,MATCH(C23,A17:A20,0)),"—") -> —
A25: Segundo lugar (elegible) | C25: =IFERROR(INDEX(A17:A20,MATCH(LARGE(G17:G20,2),G17:G20,0)),"—") -> Nexus
A26: Brecha 1.º − 2.º | C26: =IF(LARGE(G17:G20,2)<0,"—",LARGE(G17:G20,1)-LARGE(G17:G20,2)) -> 0
A27: Empate técnico | C27: =IF(COUNTIF(L17:L20,TRUE)>1,"Sí: se aplicó la regla R6 de desempate","No") -> Sí: se aplicó la regla R6 de desempate
A28: Peso con datos explícitos | C28: =SUMIF(G6:G12,"Explícito",C6:C12) -> 0
A29: Peso con datos inferidos | C29: =SUMIF(G6:G12,"Inferido",C6:C12) -> 0
A30: Peso con datos faltantes | C30: =SUMIF(G6:G12,"Faltante",C6:C12) -> 0
A31: Robustez (regla R7) | C31: =IF(COUNTA(G6:G12)<7,"—",IF(C30=0,"Robusta: no hay datos faltantes",IF(COUNTIF(P17:P20,"<=0")>0,"SENSIBLE: los datos faltantes pueden cambiar la recomendación; solicitar aclaración","Robusta: ningún valor posible de los datos faltantes cambia la recomendación"))) -> —
